{"appName":"kutiva Controle","appIconPath":"10024501.png","splashPath":"antes-de-um-grande-exame-um-grupo-de-alunos-se-reune-para-fazer-uma-sessao-de-estudo-em-grupo-liderada-por-seu-mentor-de-pares-que_216520-119579.jpg","packageName":"www.ianomachai.wixsite.com","versionName":"1.0.0","versionCode":1,"isFullscreen":false,"isHideTitleBar":false,"titleBarBackgroundColor":"#000000","isAllowLongClick":true,"isShowLoadingUI":true,"isAllowZoom":true,"isPCMode":false,"isAllowAutoplay":false,"homePage":"senha.html","withPHPEnv":false,"PHPPort":57249,"isAllowSwipeRefresh":true,"isAllowCamera":false,"isAllowMicrophone":false,"screenRotationMethod":0}